{
    "description": "How many hidden files, which do not contain the character u, are in /usr? (not recursively)",
    "create": {
        "local": "default",
        "init": "echo 123>/usr/.tmp\necho 123>/usr/tmp2\necho 123>/usr/.tm12p\necho 123>/usr/.f\necho 123>/usr/.u\necho 123>/usr/k\n"
    },
    "evaluation": {
        "check": [
            null,
            {
                "language": "python",
                "file": "check/integer-match.py"
            }
        ],
        "example": {
            "code": "find /usr -type f -name \".*\" -not -name \"*k*\"  | wc -l"
        }
    },
    "labels": ["file"]
}
