[
    {
        "description": "If a regular file named \"workspace\" exists in /working (recursively)? If so, output \"yes\", otherwise output \"no\" (with out quotes).",
        "create": {
            "local": "default",
            "init": "rm -rf /working; mkdir /working && echo 123>/working/.tmp && echo 123>/working/.tm12p && echo 123>/working/.f && mkdir /working/OS && echo 'OS' > /working/OS/.theme"
        },
        "evaluation": {
            "match": "no"
        },
        "labels": ["file"]
    },
    {
        "description": "If a regular file named \"workspace\" exists in /working (recursively)? If so, output \"yes\", otherwise output \"no\" (with out quotes).",
        "create": {
            "local": "default",
            "init": "rm -rf /working; mkdir /working && echo 123>/working/.tmp && echo 123>/working/.tm12p && echo 123>/working/.f && mkdir /working/OS && echo 'OS' > /working/OS/.theme && mkdir /working/OS/workspace"
        },
        "evaluation": {
            "match": "no"
        },
        "labels": ["file"]
    },
    {
        "description": "If a regular file named \"workspace\" exists in /working (recursively)? If so, output \"yes\", otherwise output \"no\" (with out quotes).",
        "create": {
            "local": "default",
            "init": "rm -rf /working; mkdir /working && echo 123>/working/.tmp && echo 123>/working/.tm12p && echo 123>/working/.f && mkdir /working/OS && echo 'OS' > /working/OS/.theme && touch /working/OS/workspace"
        },
        "evaluation": {
            "match": "yes"
        },
        "labels": ["file"]
    },
    {
        "description": "If a regular file named \"workspace\" exists in /working (recursively)? If so, output \"yes\", otherwise output \"no\" (with out quotes).",
        "create": {
            "local": "default",
            "init": "rm -rf /working; mkdir /working && echo 123>/working/.tmp && echo 123>/working/.tm12p && echo 123>/working/.f && mkdir /working/OS && echo 'OS' > /working/OS/.theme && touch /working/workspace"
        },
        "evaluation": {
            "match": "yes"
        },
        "labels": ["file"]
    }
]
