[
    {
        "description": "What is the total number of files in the /var directory? (recursively)",
        "create": {
            "local": "default",
            "init": "echo 123321>/var/tmp.log && echo 123321>/var/dsdd && echo 123321>/var/ppoo && echo 123321>/var/gdss && echo 123321>/var/itcs && echo 123321>/var/ksmx"
        },
        "evaluation": {
            "check": [
                null,
                {
                    "language": "python",
                    "file": "check/integer-match.py"
                }
            ],
            "example": {
                "code": "find /var -type f | wc -l"
            }
        },
        "labels": ["command", "file"]
    }
]
