[
    {
        "description": "How many lines are there in /root/matrix.txt",
        "create": {
            "local": "default",
            "init":"echo \"1 2 3\n4 5 6\n7 8 9\" > /root/matrix.txt"
        },
        "evaluation": {
            "check": [
                null,
                {
                    "language": "python",
                    "file": "check/integer-match.py"
                }
            ],
            "example": {
                "code": "cat /root/matrix.txt | wc -l"
            }
        },
        "labels": ["command","file"]
    }
]