[
    {
        "description": "How many default paths are looked for when I execute an executable on this computer? (Regardless of whether the path exists or not.)",
        "create": {
            "local": "default",
            "init": "echo 'export PATH=$PATH:/var/k && export PATH=$PATH:/var/l && export PATH=$PATH:/var/p' > ~/.bashrc"
        },
        "evaluation": {
            "check": [
                null,
                {
                    "language": "python",
                    "file": "check/integer-match.py"
                }
            ],
            "example": {
                "code": "source ~/.bashrc; echo $PATH | tr ':' '\\n' | wc -l"
            }
        },
        "labels": ["command", "variables"]
    },
    {
        "description": "How many default paths are looked for when I execute an executable on this computer? (Only existing and valid directories)",
        "create": {
            "local": "default",
            "init": "echo 'export PATH=$PATH:/var/k && export PATH=$PATH:/var/l && export PATH=$PATH:/var/p' > ~/.bashrc && mkdir /var/k"
        },
        "evaluation": {
            "check": [
                null,
                {
                    "language": "python",
                    "file": "check/integer-match.py"
                }
            ],
            "example": {
                "code": "source ~/.bashrc; count=0; IFS=:; for path in $PATH; do [ -d \"$path\" ] && ((count++)); done; echo $count"
            }
        },
        "labels": ["command", "variables"]
    },
    {
        "description": "How many default paths are looked for when I execute an executable on this computer? (Only existing and valid directories)",
        "create": {
            "local": "default",
            "init": "echo 'export PATH=$PATH:/var/k && export PATH=$PATH:/var/l && export PATH=$PATH:/var/p' > ~/.bashrc && mkdir /var/k && touch /var/l"
        },
        "evaluation": {
            "check": [
                null,
                {
                    "language": "python",
                    "file": "check/integer-match.py"
                }
            ],
            "example": {
                "code": "source ~/.bashrc; count=0; IFS=:; for path in $PATH; do [ -d \"$path\" ] && ((count++)); done; echo $count"
            }
        },
        "labels": ["command", "variables"]
    },
    {
        "description": "How many paths are in $PATH? (Regardless of whether the path exists or not.)",
        "create": {
            "local": "default",
            "init": "echo 'export PATH=$PATH:/var/k && export PATH=$PATH:/var/l && export PATH=$PATH:/var/p' > ~/.bashrc"
        },
        "evaluation": {
            "check": [
                null,
                {
                    "language": "python",
                    "file": "check/integer-match.py"
                }
            ],
            "example": {
                "code": "source ~/.bashrc; echo $PATH | tr ':' '\\n' | wc -l"
            }
        },
        "labels": ["command", "variables"]
    },
    {
        "description": "How many existing directories are in $PATH?",
        "create": {
            "local": "default",
            "init": "echo 'export PATH=$PATH:/var/k && export PATH=$PATH:/var/l && export PATH=$PATH:/var/p' > ~/.bashrc && mkdir /var/k"
        },
        "evaluation": {
            "check": [
                null,
                {
                    "language": "python",
                    "file": "check/integer-match.py"
                }
            ],
            "example": {
                "code": "source ~/.bashrc; count=0; IFS=:; for path in $PATH; do [ -d \"$path\" ] && ((count++)); done; echo $count"
            }
        },
        "labels": ["command", "variables"]
    },
    {
        "description": "How many existing directories are in $PATH?",
        "create": {
            "local": "default",
            "init": "echo 'export PATH=$PATH:/var/k && export PATH=$PATH:/var/l && export PATH=$PATH:/var/p' > ~/.bashrc && mkdir /var/k && touch /var/l"
        },
        "evaluation": {
            "check": [
                null,
                {
                    "language": "python",
                    "file": "check/integer-match.py"
                }
            ],
            "example": {
                "code": "source ~/.bashrc; count=0; IFS=:; for path in $PATH; do [ -d \"$path\" ] && ((count++)); done; echo $count"
            }
        },
        "labels": ["command", "variables"]
    }
]
