[
    {
        "description": "Move the file MyPersonalComputer.config to current directory. And tell me the path of the file before copying.",
        "create": {
            "local": "default",
            "init": "mkdir /home/user1 && mkdir /home/user1/os && mkdir /home/user1/os/linux && mkdir /home/user1/os/linux/commands && echo 'Linux-Ubuntu-20.04?' > /home/user1/os/linux/commands/MyPersonalComputer.config"
        },
        "start": "mkdir /home/user2 && cd /home/user2",
        "evaluation": {
            "check": [
                {
                    "language": "python",
                    "code": "from sys import argv\nassert argv[1].strip()=='/home/user1/os/linux/commands/MyPersonalComputer.config'"
                },
                {
                    "language": "bash",
                    "code": "find /home/user1/os/linux/commands/MyPersonalComputer.config >/dev/null 2>/dev/null && exit 1 || exit 0"
                },
                {
                    "language": "bash",
                    "code": "find /home/user2/MyPersonalComputer.config >/dev/null 2>/dev/null && exit 0 || exit 1"
                }
            ],
            "example": {
                "code": "mv /home/user1/os/linux/commands/MyPersonalComputer.config /home/user2/ && echo /home/user1/os/linux/commands/MyPersonalComputer.config"
            }
        },
        "labels": ["path", "files"]
    }
]
