[
    {
        "description": "Test if variable var is an integer? If so, tell me \"yes\", otherwise tell me \"no\". (Without quotes)",
        "create": {
            "local": "default"
        },
        "start": "var=3.14",
        "evaluation": {
            "match": "no",
            "example": {
                "code": "test \"$var\" -eq \"$var\" 2>/dev/null && echo \"yes\" || echo \"no\""
            }
        },
        "labels": ["command", "variables"]
    },
    {
        "description": "Test if variable var is an integer? If so, tell me \"yes\", otherwise tell me \"no\". (Without quotes)",
        "create": {
            "local": "default"
        },
        "start": "var=10",
        "evaluation": {
            "match": "yes",
            "example": {
                "code": "test \"$var\" -eq \"$var\" 2>/dev/null && echo \"yes\" || echo \"no\""
            }
        },
        "labels": ["command", "variables"]
    }
]
