{
  "pick_and_place": [
    "json_2.1.1/valid_unseen/pick_and_place_simple-Pencil-None-Shelf-308/trial_T20190908_121952_610012/game.tw-pddl",
    "json_2.1.1/valid_unseen/pick_and_place_simple-PepperShaker-None-Drawer-10/trial_T20190918_154424_844749/game.tw-pddl",
    "json_2.1.1/valid_unseen/pick_and_place_simple-Watch-None-Safe-219/trial_T20190907_074643_810052/game.tw-pddl",
    "json_2.1.1/valid_unseen/pick_and_place_simple-SaltShaker-None-Drawer-10/trial_T20190909_021613_077537/game.tw-pddl",
    "json_2.1.1/valid_unseen/pick_and_place_simple-SaltShaker-None-Drawer-10/trial_T20190909_021728_339782/game.tw-pddl",
    "json_2.1.1/valid_unseen/pick_and_place_simple-SaltShaker-None-Cabinet-10/trial_T20190906_191501_563086/game.tw-pddl",
    "json_2.1.1/valid_unseen/pick_and_place_simple-SoapBottle-None-Toilet-424/trial_T20190907_004351_281384/game.tw-pddl",
    "json_2.1.1/valid_unseen/pick_and_place_simple-SoapBottle-None-Toilet-424/trial_T20190907_004321_405868/game.tw-pddl",
    "json_2.1.1/valid_unseen/pick_and_place_simple-SaltShaker-None-Cabinet-10/trial_T20190906_191429_743650/game.tw-pddl"
  ],
  "pick_clean_then_place": [
    "json_2.1.1/valid_unseen/pick_clean_then_place_in_recep-Mug-None-CoffeeMachine-10/trial_T20190907_221355_558505/game.tw-pddl",
    "json_2.1.1/valid_unseen/pick_clean_then_place_in_recep-Egg-None-Microwave-10/trial_T20190909_120712_273910/game.tw-pddl",
    "json_2.1.1/valid_unseen/pick_clean_then_place_in_recep-Bowl-None-Cabinet-10/trial_T20190909_061158_110530/game.tw-pddl",
    "json_2.1.1/valid_unseen/pick_clean_then_place_in_recep-Plate-None-CounterTop-10/trial_T20190908_213533_897289/game.tw-pddl",
    "json_2.1.1/valid_unseen/pick_clean_then_place_in_recep-SoapBar-None-CounterTop-424/trial_T20190907_074045_109439/game.tw-pddl",
    "json_2.1.1/valid_unseen/pick_clean_then_place_in_recep-SoapBar-None-CounterTop-424/trial_T20190907_074124_966890/game.tw-pddl",
    "json_2.1.1/valid_unseen/pick_clean_then_place_in_recep-Knife-None-CounterTop-10/trial_T20190909_110347_624008/game.tw-pddl",
    "json_2.1.1/valid_unseen/pick_clean_then_place_in_recep-Spatula-None-Drawer-10/trial_T20190907_080730_211959/game.tw-pddl",
    "json_2.1.1/valid_unseen/pick_clean_then_place_in_recep-Cloth-None-Cabinet-424/trial_T20190908_022321_380927/game.tw-pddl"
  ],
  "pick_heat_then_place": [
    "json_2.1.1/valid_unseen/pick_heat_then_place_in_recep-Mug-None-Cabinet-10/trial_T20190909_021247_306737/game.tw-pddl",
    "json_2.1.1/valid_unseen/pick_heat_then_place_in_recep-Apple-None-GarbageCan-10/trial_T20190908_145356_918528/game.tw-pddl",
    "json_2.1.1/valid_unseen/pick_heat_then_place_in_recep-Egg-None-GarbageCan-10/trial_T20190908_113610_425142/game.tw-pddl",
    "json_2.1.1/valid_unseen/pick_heat_then_place_in_recep-Apple-None-GarbageCan-10/trial_T20190908_145143_820541/game.tw-pddl",
    "json_2.1.1/valid_unseen/pick_heat_then_place_in_recep-Apple-None-GarbageCan-10/trial_T20190908_145050_918567/game.tw-pddl",
    "json_2.1.1/valid_unseen/pick_heat_then_place_in_recep-Tomato-None-GarbageCan-10/trial_T20190908_225359_617900/game.tw-pddl",
    "json_2.1.1/valid_unseen/pick_heat_then_place_in_recep-Potato-None-GarbageCan-10/trial_T20190907_161745_664033/game.tw-pddl",
    "json_2.1.1/valid_unseen/pick_heat_then_place_in_recep-Mug-None-Cabinet-10/trial_T20190909_021200_669381/game.tw-pddl"
  ],
  "pick_cool_then_place": [
    "json_2.1.1/valid_unseen/pick_cool_then_place_in_recep-Mug-None-Cabinet-10/trial_T20190909_121635_622676/game.tw-pddl",
    "json_2.1.1/valid_unseen/pick_cool_then_place_in_recep-Lettuce-None-CounterTop-10/trial_T20190909_174807_646433/game.tw-pddl",
    "json_2.1.1/valid_unseen/pick_cool_then_place_in_recep-Mug-None-Cabinet-10/trial_T20190909_121710_650938/game.tw-pddl",
    "json_2.1.1/valid_unseen/pick_cool_then_place_in_recep-Lettuce-None-CounterTop-10/trial_T20190909_123133_763972/game.tw-pddl",
    "json_2.1.1/valid_unseen/pick_cool_then_place_in_recep-Tomato-None-Microwave-10/trial_T20190909_102608_318800/game.tw-pddl",
    "json_2.1.1/valid_unseen/pick_cool_then_place_in_recep-Potato-None-Microwave-10/trial_T20190907_033228_194678/game.tw-pddl",
    "json_2.1.1/valid_unseen/pick_cool_then_place_in_recep-Tomato-None-Microwave-10/trial_T20190909_102644_926781/game.tw-pddl",
    "json_2.1.1/valid_unseen/pick_cool_then_place_in_recep-Mug-None-CoffeeMachine-10/trial_T20190907_183715_299073/game.tw-pddl"
  ],
  "look_at_obj": [
    "json_2.1.1/valid_unseen/look_at_obj_in_light-CD-None-DeskLamp-308/trial_T20190908_141942_810052/game.tw-pddl",
    "json_2.1.1/valid_unseen/look_at_obj_in_light-Book-None-DeskLamp-308/trial_T20190908_020048_814402/game.tw-pddl",
    "json_2.1.1/valid_unseen/look_at_obj_in_light-Mug-None-DeskLamp-308/trial_T20190908_201421_021646/game.tw-pddl",
    "json_2.1.1/valid_unseen/look_at_obj_in_light-Pencil-None-DeskLamp-308/trial_T20190908_220604_010430/game.tw-pddl",
    "json_2.1.1/valid_unseen/look_at_obj_in_light-Pencil-None-DeskLamp-308/trial_T20190908_220545_153480/game.tw-pddl",
    "json_2.1.1/valid_unseen/look_at_obj_in_light-CD-None-DeskLamp-308/trial_T20190908_142046_281296/game.tw-pddl",
    "json_2.1.1/valid_unseen/look_at_obj_in_light-Bowl-None-DeskLamp-308/trial_T20190907_133919_856963/game.tw-pddl",
    "json_2.1.1/valid_unseen/look_at_obj_in_light-Mug-None-DeskLamp-308/trial_T20190908_201444_037645/game.tw-pddl"
  ],
  "pick_two_obj": [
    "json_2.1.1/valid_unseen/pick_two_obj_and_place-KeyChain-None-Safe-219/trial_T20190909_012027_782483/game.tw-pddl",
    "json_2.1.1/valid_unseen/pick_two_obj_and_place-PepperShaker-None-Drawer-10/trial_T20190912_221016_460197/game.tw-pddl",
    "json_2.1.1/valid_unseen/pick_two_obj_and_place-SoapBar-None-GarbageCan-424/trial_T20190909_064309_357168/game.tw-pddl",
    "json_2.1.1/valid_unseen/pick_two_obj_and_place-CD-None-Safe-308/trial_T20190907_051056_585414/game.tw-pddl",
    "json_2.1.1/valid_unseen/pick_two_obj_and_place-SoapBar-None-GarbageCan-424/trial_T20190909_064221_368939/game.tw-pddl",
    "json_2.1.1/valid_unseen/pick_two_obj_and_place-CD-None-Safe-308/trial_T20190907_050942_897916/game.tw-pddl",
    "json_2.1.1/valid_unseen/pick_two_obj_and_place-KeyChain-None-Safe-219/trial_T20190909_011803_423115/game.tw-pddl",
    "json_2.1.1/valid_unseen/pick_two_obj_and_place-PepperShaker-None-Drawer-10/trial_T20190908_010306_215435/game.tw-pddl"
  ]
}