[
    {
        "description": "Tell me the number of CPUs.",
        "evaluation": {
            "check": [
                null,
                {
                    "language": "python",
                    "file": "check/integer-match.py"
                }
            ],
            "example": "nproc"
        },
        "labels": [
            "command",
            "CPU",
            "device",
            "hardware",
            "processor",
            "system"
        ]
    },
    {
        "description": "How many groups are in this UNIX system?",
        "evaluation": {
            "check": [
                null,
                {
                    "language": "python",
                    "file": "check/integer-match.py"
                }
            ],
            "example": "getent group | wc -l"
        },
        "labels": ["command", "system"]
    },
    {
        "description": "Recursively Find how many files have the extension .tep",
        "create": {
            "local": "default",
            "init": "echo 123>/root/.tmp\necho 123>/root/.tmp2\necho 123>/root/1.tep\necho 123>/root/.tep\necho 123>/root/.u\necho 123>/root/.k\n"
        },
        "evaluation": {
            "check": [
                null,
                {
                    "language": "python",
                    "file": "check/integer-match.py"
                }
            ],
            "example": "find . -type f -name \"*.tep\" | wc -l"
        },
        "labels": ["command", "file"]
    },
    {
        "description": "Tell me whether npm is installed or not. If it is installed, return 'yes'. If it is not installed, return 'no'",
        "evaluation": {
            "check": [
                null,
                {
                    "language": "python",
                    "file": "check/string-match.py"
                }
            ],
            "example": "[ -x \"$(command -v npm)\" ] && echo 'yes' || echo 'no'"
        },
        "labels": ["command", "packages"]
    },
    {
        "description": "Tell me whether npm is installed or not. If it is installed, return 'yes'. If it is not installed, return 'no'",
        "create": {
            "local": "packages"
        },
        "evaluation": {
            "check": [
                null,
                {
                    "language": "python",
                    "file": "check/string-match.py"
                }
            ],
            "example": "[ -x \"$(command -v npm)\" ] && echo 'yes' || echo 'no'"
        },
        "labels": ["command", "packages"]
    },
    {
        "description": "Tell me the max number of threads in Linux.",
        "evaluation": {
            "check": [
                null,
                {
                    "language": "python",
                    "file": "check/string-match.py"
                }
            ],
            "example": "cat /proc/sys/kernel/threads-max"
        },
        "labels": ["command", "file"]
    }
]
