[
    {
        "description": "I would like to implement the following function: entering the \"calc\" command will enable the calculation of an expression. The expression can include addition, subtraction, multiplication, division, and parentheses. If the absolute error between the calculated answer and the expected answer is less than 1e-5, it will be considered correct. For example, I can calculate the result by entering \"calc 6 * (9 / 3) + 7\", and the output will be 25.",
        "create": {
            "local": "default"
        },
        "evaluation": {
            "check": {
                "file": "checking/0.sh"
            },
            "example": {
                "file": "example/0.sh"
            }
        },
        "labels": ["command"]
    },
    {
        "description": "I would like to implement the following function: entering the \"count\" command will counts the number of regular files in a directory and its subdirectories(recursively), and displays the total count. If there is a link or something, count it separately. For example, I can enter \"count /usr/local\" to get the number of regular files in /usr/local recursively. If there are 5 regular files in that, the output is \"5\".",
        "create": {
            "local": "default"
        },
        "evaluation": {
            "check": {
                "file": "checking/1.sh"
            },
            "example": {
                "file": "example/1.sh"
            }
        },
        "labels": ["command", "file"]
    },
    {
        "description": "I would like to implement a command line tool called \"date-format\" that can format a given date string based on the provided format string. For example, if I enter command date-format 2023-5-1 '%Y/%m/%d', the output will be 2023/05/01.",
        "create": {
            "local": "default"
        },
        "evaluation": {
            "check": {
                "file": "checking/2.sh"
            },
            "example": {
                "file": "example/2.sh"
            }
        },
        "labels": ["command"]
    },
    {
        "description": "How many hidden files are in /usr?",
        "create": {
            "local": "default",
            "init": {
                "code": "echo 123>/usr/.tmp\necho 123>/usr/.tmp2\necho 123>/usr/.tm12p\necho 123>/usr/.f\necho 123>/usr/.u\necho 123>/usr/.k\n"
            }
        },
        "evaluation": {
            "check": [
                null,
                {
                    "language": "python",
                    "file": "check/integer-match.py"
                }
            ],
            "example": {
                "code": "ls -a /usr | grep \"^\\.\" | wc -l"
            }
        },
        "labels": ["file"]
    },
    {
        "description": "How many files whose name starts with letter exist in /usr?",
        "create": {
            "local": "default",
            "init": {
                "code": "echo 123>/usr/tmp\necho abcd>/usr/.tmp2\necho abcdabcd>/usr/.tm12p\necho abcdabcdabcdabcd>/usr/f\necho abcdabcdabcdabcdabcdabcdabcdabcd>/usr/.u\necho abcdabcdabcdabcdabcdabcdabcdabcdabcdabcdabcdabcd>/usr/.k\n"
            }
        },
        "evaluation": {
            "check": [
                null,
                {
                    "language": "python",
                    "file": "check/integer-match.py"
                }
            ],
            "example": {
                "code": "ls -1  | grep \"^[[:alpha:]]\" | wc -l"
            }
        },
        "labels": ["file"]
    },
    {
        "description": "How much disk space is being used by /usr and all of its contents? Tell me in human-readable format.",
        "create": {
            "local": "default",
            "init": {
                "code": "echo \"This is a random string: wuafjva-niqt12r-j9asd19-afj12-sdmxai\">/usr/OSbench\n"
            }
        },
        "evaluation": {
            "check": [
                null,
                {
                    "language": "python",
                    "file": "check/size-match.py"
                }
            ],
            "example": {
                "code": "du -sh /usr | awk '{print $1}'"
            }
        },
        "labels": ["file"]
    },
    {
        "description": "How many empty files are there in /usr and all of its content?",
        "create": {
            "local": "default",
            "init": {
                "code": "echo \"This is a random string: wuafjva-niqt12r-j9asd19-afj12-sdmxai\">/usr/OSbench\ntouch /usr/tmpfile\nmkdir /usr/tmpdir\ntouch /usr/tmpdir/inner"
            }
        },
        "evaluation": {
            "check": [
                null,
                {
                    "language": "python",
                    "file": "check/integer-match.py"
                }
            ],
            "example": {
                "code": "find /usr -type f -size 0 | wc -l"
            }
        },
        "labels": ["file"]
    },
    {
        "description": "How many directories are in the root dir (excluding hidden directories)?",
        "create": [
            null,
            {
                "language": "python",
                "file": "check/integer-match.py"
            }
        ],
        "evaluation": {
            "check": [
                null,
                {
                    "language": "python",
                    "file": "check/integer-match.py"
                }
            ],
            "example": {
                "code": "ls -l / | grep \"^d\" | grep -v \"^d.*\\.\" | wc -l"
            }
        },
        "labels": ["file"]
    },
    {
        "description": "How many directories (recursively) are in the /usr directory?",
        "create": {
            "local": "default",
            "init": {
                "code": "echo \"This is a random string: wuafjva-niqt12r-j9asd19-afj12-sdmxai\">/usr/OSbench\ntouch /usr/tmpfile\nmkdir /usr/tmpdir\ntouch /usr/tmpdir/inner"
            }
        },
        "evaluation": {
            "check": [
                null,
                {
                    "language": "python",
                    "file": "check/integer-match.py"
                }
            ],
            "example": {
                "code": "find /usr -type d | wc -l"
            }
        },
        "labels": ["file"]
    },
    {
        "description": "How many files in /usr (recursively) were modified in the last 24 hours?",
        "create": {
            "local": "default",
            "init": {
                "code": "echo \"This is a random string: wuafjva-niqt12r-j9asd19-afj12-sdmxai\">/usr/OSbench\ntouch /usr/tmpfile\nmkdir /usr/tmpdir\ntouch /usr/tmpdir/inner"
            }
        },
        "evaluation": {
            "check": [
                null,
                {
                    "language": "python",
                    "file": "check/integer-match.py"
                }
            ],
            "example": {
                "code": "find /usr -type f -mtime -1 | wc -l"
            }
        },
        "labels": ["file"]
    }
]
