[
    {
        "description": "Tell me how many files can be executed in PATH.",
        "evaluation": {
            "check": [
                null,
                {
                    "language": "python",
                    "file": "check/integer-match.py"
                }
            ],
            "example": "find $(echo $PATH | tr ':' ' ') -type f -executable | wc -l"
        },
        "labels": ["environment"]
    },
    {
        "description": "Tell me how many files can be executed directly no matter where my work dir is.",
        "evaluation": {
            "check": [
                null,
                {
                    "language": "python",
                    "file": "check/integer-match.py"
                }
            ],
            "example": "find $(echo $PATH | tr ':' ' ') -type f -executable | wc -l"
        },
        "labels": ["environment"]
    },
    {
        "description": "I remember I had a directory for executables, and there was an executable echo-love in there. But I forgot the path of this directory. Can you tell me the full path of this directory?",
        "create": {
            "local": "default",
            "init": {
                "file": "init/nested_folders.sh"
            }
        },
        "evaluation": {
            "check": [
                null,
                {
                    "language": "python",
                    "file": "check/string-match.py"
                }
            ],
            "example": "find \"$(pwd)\" -type f -name \"echo-love\" -perm /u=x -exec dirname {} \\;"
        },
        "labels": ["environment"]
    },
    {
        "description": "I remember I had a directory for executables, and there was an executable echo-love in there. But I forgot the path of this directory. Can you tell me the full path of this executable?",
        "create": {
            "local": "default",
            "init": {
                "file": "init/nested_folders.sh"
            }
        },
        "evaluation": {
            "check": [
                null,
                {
                    "language": "python",
                    "file": "check/string-match.py"
                }
            ],
            "example": "find \"$(pwd)\" -type f -name \"echo-love\" -perm /u=x"
        },
        "labels": ["environment"]
    },
    {
        "description": "I remember I had a directory for executables, and there was an executable echo-love in there. But I forgot the path of this directory. Can you add the folder into PATH so that I can call it in the future?",
        "create": {
            "local": "default",
            "init": [
                {
                    "file": "init/nested_folders.sh"
                },
                "echo '' > ~/.bashrc"
            ]
        },
        "evaluation": {
            "check": [
                "source ~/.bashrc && x=$(echo-love) && [ \"$x\" == \"I love myself.\" ] && exit 0"
            ],
            "example": "new_path=$(find \"$(pwd)\" -type f -name \"echo-love\" -perm /u=x -exec dirname {} \\;) && echo export PATH='$PATH':$new_path > ~/.bashrc"
        },
        "labels": ["environment"]
    }
]
